name,prompt,negative_prompt
ARCHVIZ_EXTERIOR_DAY_SDXL,"premium architectural exterior photography, daylight, physically plausible materials, natural sky, balanced exposure, realistic landscaping, crisp facade detail","lowres, blurry, distorted geometry, warped windows, duplicated objects, oversaturated, cartoon, text, watermark"
ARCHVIZ_EXTERIOR_GOLDEN_HOUR_SDXL,"premium architectural exterior photography, golden hour, warm grazing light, realistic materials, controlled highlights, cinematic but natural atmosphere","lowres, blurry, distorted geometry, burnt highlights, fantasy architecture, text, watermark"
ARCHVIZ_EXTERIOR_NIGHT_SDXL,"premium architectural exterior night photography, realistic artificial lighting, balanced interior glow, physically plausible reflections, controlled contrast","lowres, blurry, neon oversaturation, crushed blacks, warped geometry, text, watermark"
ARCHVIZ_INTERIOR_DAY_SDXL,"premium interior architectural photography, natural daylight, realistic material response, accurate furniture scale, balanced white balance, high detail","lowres, blurry, warped furniture, distorted perspective, plastic materials, oversaturated, text, watermark"
ARCHVIZ_INTERIOR_NIGHT_SDXL,"premium interior architectural photography at night, layered practical lighting, realistic materials, controlled exposure, natural shadows","lowres, blurry, excessive bloom, warped furniture, fantasy materials, text, watermark"
ARCHVIZ_INTERIOR_NATURAL_MATERIAL_SDXL,"premium interior architecture, natural wood stone concrete and metal, tactile material detail, soft daylight, editorial architectural photography","lowres, blurry, plastic surfaces, repeated textures, distorted geometry, text, watermark"
ARCHVIZ_AERIAL_CONTEXT_SDXL,"premium architectural aerial visualization, coherent urban fabric, realistic vegetation, road hierarchy, site context, physically plausible scale","lowres, blurry, distorted roads, impossible scale, repeated buildings, text, watermark"
ARCHVIZ_MASTERPLAN_SDXL,"architectural masterplan visualization, legible site organization, coherent landscape systems, realistic context, professional competition quality","lowres, blurry, incoherent parcels, distorted geometry, text, watermark"
ARCHVIZ_MATERIAL_DETAIL_SDXL,"architectural material close-up, physically plausible PBR material response, micro texture, realistic joints, premium editorial photography","lowres, blurry, synthetic plastic surface, repeated texture, text, watermark"
